t,mu,totalDamage
0,0,0
1,2,0.004
2,-1,0.0175
3,3,0.0495
4,-3,0.1575
5,1,0.1895
6,-2,0.203
7,-1,0.20350000000000001
8,0,0.20700000000000002
9,2,0.247
10,3,0.29250000000000004
11,4,0.356
12,-4,0.612
13,1,0.6745
14,0,0.675
